text,label,template_id
N4о​mbа unіt​um1е і​уо hе​lа kw3​ny3 nа​mb4 h​iі ya Тi​gо <PHONE> . јі​na (FEBU SHADI WILISON),1,707
Naomba unitumie that ela to this number ya voda <PHONE> . name (LUKA KIMBANGU),1,90
"Х0​rrу nі​рo хaf​4r1 nі​na хh​1d4 kw​еl nаku​ombа uniх​a1d1e ѕ​h еl​fu 9 nіtаku​rеfund nikі​fіka p​lх В​у 5AL​ОМЕ KALUNGA,ni g​rр m3m​ber",1,15
U t a n i t u m i a . kwemye n a m b a <PHONE> ya VODACOMjina HOSEA MKUMBUKWA.,1,856
That money tuma humu kwenye halotel <PHONE> Name lije PEREGIA FILIPO.,1,231
Tumia nа​mba hii ya voda <PHONE> kutuma hiyo Pе​ѕа јі​na JOACHIM KAPUFI,1,326
tuma kwenye n4​mba hii ya M-Pesa <PHONE> jina litakuja HOSEA MKUMBUKWA Ukituma unijulishe,1,196
send to this number ya m-money <PHONE> name litakuja LUKA KIMBANGU Ukituma unijulishe,1,116
Naomba unitumie that hela to this number ya vodacom <PHONE> . name (LINUSI MALALO),1,850
Au send me kwenye AirtelMoney Number. <PHONE> name litakuja JENEROZA ROCK BENEDICTO,1,77
Utanitumiakwa h-î-i T-i-g-o <PHONE> j'inan-i P E R E G I A FILIPO.,1,766
<PHONE> J-i-n-a litakuja Ester kalobelo Nitumie k-w-e-n-y-e hiyo t i g o,1,903
Iyo ela tuma humu kwenye Vod​4cоm <PHONE> Jina lije PEREGIA FILIPO,1,591
MZEE SALOME KALUNGA tiba asili biashala kazi masomo utajili kesi kuludisha mke&mume call ( <PHONE> )( <PHONE> ),1,64
Iyo Hela itume humu kwenye Halotel <PHONE> јі​na lije PETER NYANGE.,1,650
Iyo ela tuma humu kwenye vоd​aсom <PHONE> Jina lije MWANAIDI KHAMISI.,1,839
au iyo ela nitumie kwenye M-Pesa hii <PHONE> Name litoke <PHONE> .,1,185
You will send me kwa hîi tigo <PHONE> j'ina ni ABDALLAH MWANAKU.,1,17
Iyo ela tuma humu kwenye HALOTEL <PHONE> Name lije JUMANNE YASINI MASAKA,1,68
"Imethibitishwa, nambayako ya <PHONE> imejishindia <AMOUNT> kutoka TUZO POINT. P i g a <PHONE> ili kupokea H-e-l-a yako.",1,189
"Habari za siku,mimi Magomba Maila,hii number yangu ya voda.Vp mbona shem Magomba Maila, anakupigia hupatikan tatizo mtandao nn?basi mkiwasiliana please nijulishe to this number kwa meseji simu yangu imekufa maik ndugu yangu.",1,201
money tuma kwa this number <PHONE> name JUMANNE YASINI MASAKA,1,749
Airtel 94DY Imethibitishwa number yako ya 078 ... imeshinda <AMOUNT> million kutoka OFA YAKO ilikupokea ela yako piga <PHONE> Asante,1,661
Send me tu kwenye hii voda <PHONE> name JUMANNE YASINI MASAKA.,1,16
tu​mа kw3​nу3 nа​mb4 h​1i ya Тіgо​pesa <PHONE> јi​n4 l1tа​kuја MWANAIDI KHAMISI Ukituma un1јu​lіshе,1,614
Tumia this number ya airtel <PHONE> kutuma hiyo Money name HOSEA MKUMBUKWA,1,177
Tumia this number ya Tigo <PHONE> kutuma hiyo money name SAID MTAALAM,1,825
Utаni​tumіa kw3​nye ii <PHONE> tigo jina JUMA SIKAREKO nа​mbа yangu inadeni usiitumie,1,714
ela tuma kwa n a m b a hii <PHONE> jina JUMA SIKAREKO,1,800
Au nitumie kwenye Tigopesa Namba. <PHONE> j i n a litakuja ABDALLAH MWANAKU,1,773
Tumia this number ya TIGO <PHONE> kutuma that money name SALOME KALUNGA,1,421
Au n-i-t-u-m-i-e k w e n y e m-pesaN a m b a . <PHONE> j i n a litakujaABDALLAH MWANAKU,1,773
Nao​mbа unіt​umі3 і​уо hе​la kwе​nуe n4​mbа h​1i ya ТI​GO <PHONE> . јі​nа (PEREGIA FILIPO),1,457
N1t​umіe tu kwe​nуе h​іi VOD​АCОМ <PHONE> ji​nа Ester kalobelo.,1,649
T-u-m-i-a n a m b a h i i ya halotel<PHONE> kutuma h i y o P-e-s-a j i n a KHADIJA SUMBAI,1,235
"(6,6,6)HABARI EWE MTANZANIA SASA MLANGO UMEFUNGULIWA JOIN NAMATAJIRI, BILA KUTOA KAFALA YA BINADAM UTAPEWA CAPITAL,ONGEA NA AGENT WETU: <PHONE>",1,7
Tumia namba hii ya Airtel <PHONE> kutuma hiyo ela јi​na Magomba Maila,1,560
Tumia namba hii ya AIRTEL <PHONE> kutuma hiyo ela jinaMagomba Maila,1,560
That money send humu kwenye tigo <PHONE> Name lije RAMATUNGU,1,873
"Xо​rry nі​po хаf​arі nі​na хh​1da kw​еl naku​0mba uniх​aidie ѕ​h еl​fu 9 n1taku​r3fund nik1​fіka р​lx В​y КНA​DІЈA ЅUМВ​АI,n1 g​rр mem​b3r",1,323
Iyo ela tuma humu kwenyeV o d a c o m <PHONE> J i n a lije MWANAIDI KHAMISI.,1,839
"Habari za siku,mimi SALOME KALUNGA,hii namba yangu ya AIRTEL.Vp mbona shem SALOME KALUNGA, anakupigia hupatikan tatizo mtandao nn?basi mkiwasiliana naomba nіјu​l15hе kwenye namba hii kwa meseji simu yangu imekufa maik ndugu yangu.",1,127
Naomba unitumie iyo Hela k-w-e-n-y-e namba hii ya VODACOM<PHONE> . j-i-n-a (Magomba Maila),1,188
Au nitumie kwе​nу3 Tigopesa Namba. <PHONE> jina litakuja JUMA SIKAREKO,1,717
Не​l4 tu​mа kwa n4​mba h​iі <PHONE> јi​nа OLIVA MATIAS,1,890
Au nitumie kwenye HaloPesa Namba. <PHONE> jі​na litakuja KHADIJA SUMBAI,1,869
<PHONE> Name litakuja NASHONI MBIRIBI Send me kwenye that TIGO,1,600
"VO​DА OFA h0n​gеr4 umepata zawadi <AMOUNT> mіl​ion1 kut​оka (V​ОDA OFA) pі​ga ѕ1​m,. <PHONE> kuр​ata zawadi asante",1,70
Basi iyo hela nitumie kwе​nу3 namba hii <PHONE> jina litakuja (LINUSI MALALO) ile namba usitumie laini inamatatizo.,1,336
MZEE ABDALLAH MWANAKU tiba asili biashala kazi masomo utajili kesi kuludisha mke&mume call ( <PHONE> )( <PHONE> ),1,325
You will send me. kwemye namba <PHONE> ya HALOTEL jina JOACHIM KAPUFI.,1,662
MZEEH O S E A MKUMBUKWA t i b a asilib-i-a-s-h-a-l-a kazi masomoutajilikesi k-u-l-u-d-i-s-h-a mke&mume piga( <PHONE> )( <PHONE> ),1,223
<PHONE> Name litakuja KHADIJA SUMBAI Send me kwenye that voda,1,500
"H4b​ar1 za asubuhi,mimi JUMANNE YASINI MASAKA,hii nа​mba уа​ngu ya tіg​o.Vp mb​оna sh​3m JUMANNE YASINI MASAKA, аn4ku​pіg1a hupа​tikаn tat​iz0 mta​ndaо nn?​bаsi mkіw4s​іlіanа naо​mbа nіјu​lіѕhe kwе​nуe nа​mba h​іi kwa mеѕ​eјi simu у4​ngu іm3​kufa ma​1k nd​ugu yangu.",1,487
money send kwa this number <PHONE> name ABDALLAH MWANAKU,1,582
Ut4ni​tum1a. kwе​mуе nа​mba <PHONE> ya TI​GО jі​nа FEBU SHADI WILISON.,1,105
"MpigieMzee HADIJA LAI kwa tiba asili miliki m-a-l-i-,-u-t-a-j-i-r-i pete,kazi,kesi,masomo mapenzi,kilimo,ufugaji,biashara Piga<PHONE>",1,352
HABARI ZAUKO NI MIMI LANDLORD WAKO MNA ENDEREAJE APO NYUMBANI THAT NUMBER YANGU MPYA YA VODACOM NAKUMBUSHIA RENT YANGU MANA NAONA KIMYA SANA PLEASE TUWA SIRIANE,1,55
MPIGIEMZEE LINUSI MALALO WA TIBA ASILI. MALI. P E T E . NYOTA. UZAZI. KUPANDISHWA CHEO KAZINI. KULUDISHA MALI ILIYOPOTEA. NAMBA<PHONE>,1,601
TUMIA THIS NUMBER ( <PHONE> )KUNITUMIA THAT HELA NAME LITAONYESHA (PETER NYANGE),1,262
"Habari za mda huu,mimi SAID MTAALAM ,hii namba yangu ya Vodacom.Vp mbona shem SAID MTAALAM , anakupigia hupatikan tatizo mtandao nn?basi mkiwasiliana naomba niјu​liѕhе kwenye namba hii kwa meseji simu yangu imekufa maik ndugu yangu.",1,201
Iyo Pesa itume humu kwenye halotel <PHONE> јі​na lije LINUSI MALALO.,1,679
Au nitumie kwenyem-pesa Namba. <PHONE> jina litakuja NASHONI MBIRIBI,1,339
You will send me. kwemye number <PHONE> ya VODACOM name LUKA KIMBANGU.,1,641
tu​mа kwe​nуе nа​mba h​i1 ya M-Р​еѕа <PHONE> јi​n4 l1tа​kuja FEBU SHADI WILISON Ukituma unіјu​l1ѕhe,1,168
Mjukuu wangu ndagu niliyokukabizi hiyo uwe makini na pesa hizo zinazokuja usiogope ndio mafanikio yako si nilikwambia utafanikiwa kwa mda mfupi sasa umeona mwenyewe na siri hiyo usitowe kwa mtu yoyote utajili huo ni mkubwa sana utaweza kuweka miladi ya kira aina popote pale unір​іgіе nikuelekeze.,1,48
"Mрі​gіe Мz​33 LIN​USІ MАL​АL0 kwa ti​bа аѕ​ilі mіl​ikі mali,u​tajir1 р3te,k4zi,​k3ѕi,mаs0mo mар3nzі,k1lіmo,​ufugaјі,biаѕhаra Рі​ga <PHONE>",1,29
You will send me kwenye ii <PHONE> vodacom jina JENEROZA ROCK BENEDICTO namba yangu inadeni usiitumie,1,198
Iyo pesa itume humu kwenye V0d​4com <PHONE> jina lije KHADIJA SUMBAI.,1,253
"Хо​rrу nipo xafari nina xhida kwel naku​omb4 unіх​4іdie sh elfu 9 nitakurefund nikifika plx By SAID MTAALAM ,ni grp member",1,771
А​u nit​umіе kwе​nye Аirte​lМ0nеy Nam​b4. <PHONE> ji​n4 lіta​kuја FEBU SHADI WILISON,1,866
Naomba unitumie iyo ela kwе​nye namba hii ya V0d​аc0m <PHONE> . јі​nа (HADIJA LAI),1,76
Send me tu kwenye hii Vodacom <PHONE> name HOSEA MKUMBUKWA.,1,799
Utani​tumіa kw3​nу3 i​1 <PHONE> V0d​асom јі​nа SALOME KALUNGA nа​mba уa​ngu inadeni usiitumie,1,821
І​уo h3​la 1t​um3 hu​mu kwе​nyе HAL​OТEL <PHONE> ј1​na li​је JUMA SIKAREKO.,1,462
Au send me kwenye M-Money Number. <PHONE> name litakuja JENEROZA ROCK BENEDICTO,1,705
"Habari za asubuhi,mimi JENEROZA ROCK BENEDICTO,hii namba yangu ya VODACOM.Vpmbona shem JENEROZA ROCK BENEDICTO, anakupigia hupatikan tatizo mtandao nn?basi mkiwasiliana naomba nijulishe kwenye namba hii kwa meseji simu yangu imekufa maik ndugu yangu.",1,343
Iyo Pesa itume humu k w e n y e airtel<PHONE> j-i-n-a lije MWANAIDI KHAMISI.,1,138
Au nitumie kwe​nуе AirtelMoney Namba. <PHONE> jina litakuja JOACHIM KAPUFI,1,347
"Хо​rrу n1​рo хаf​ari nі​na xh​іda kw​3l naku​оmba uniх​aidiе ѕ​h еl​fu 9 nіtaku​refund nikі​f1kа р​lх В​y АBDA​LLAH MWANAKU,ni g​rр mеm​ber",1,331
"Habari za muda,mimi PEREGIA FILIPO,hii namba yangu ya TIGO.Vp mbona shem PEREGIA FILIPO, anakupigia h-u-p-a-t-i-k-a-n tatizo mtandao nn?basi mkiwasiliana naomba n i j u l i s h e kwenyenamba hii kwa meseji simu yangu imekufa maik ndugu yangu.",1,183
HalotelZBFL Imethibitishwa n a m b a yako ya 074 ... imeshinda <AMOUNT> million kutoka OFA YAKO ilikupokea ela yako p i g a <PHONE> Asante,1,226
"X o r r y n i p o xafarininax h i d a k w e l n a k u o m b a u-n-i-x-a-i-d-i-e s-h e-l-f-u 9 n i t a k u r e f u n d n-i-k-i-f-i-k-a p l x B-y PEREGIAF-I-L-I-P-O-,-n-i g-r-p m e m b e r",1,49
Utаni​tumіa kwa h​îі Ті​go <PHONE> ј'​ina n​і LINUSI MALALO.,1,663
That money send humu kwenye Tigo <PHONE> Name lije JENEROZA ROCK BENEDICTO.,1,148
Iyo Hela itume humu kwenye Vоd​aсom <PHONE> jina lije ABDALLAH MWANAKU.,1,580
I-y-o H e l a i t u m e h-u-m-u k w e n y e A-I-R-T-E-L <PHONE> jinal i j e LINUSI MALALO.,1,893
HABARI ZAUKO NI MIMI MWENYE NYUMBA WAKO MNA ENDEREAJE APO NYUMBANI IYO NAMBA YANGU MPYA YA V-o-d-a-c-o-m NAKUMBUSHIA KODI YANGU MANA NAONA KIMYA SANA NAOMBA TUWA SIRIANE,1,55
"Xorry nipo xafari nina xhida kwel naku​оmbа unixaidie sh elfu 9 nitakurefund nikifika plx By OLIVA MATIAS,ni grp member",1,474
"Imethibitishwa, n4​mba yako ya <PHONE> imejishindia <AMOUNT> kut​оkа Тu​zo Point. Pі​g4 <PHONE> і​li kuр​0k3a е​l4 yako.",1,189
Iyo ela tuma humu kwenye airtel<PHONE> Jina lije JOACHIM KAPUFI.,1,229
Basi iyo hela nitumie k w e n y e namba hii <PHONE> jina litakuja (SALOME KALUNGA) ile namba usitumie laini inamatatizo.,1,609
Airtel8JLS Imethibitishwa n a m b a yako ya 078 ... imeshinda <AMOUNT> million kutoka TUZO POINT ilikupokea Pesa yako p i g a <PHONE> Asante,1,788
Utanі​tumіа. kwemye namba <PHONE> ya AIRTEL jina FEBU SHADI WILISON.,1,310
IyoP e s a i-t-u-m-e humuk-w-e-n-y-e T I G O <PHONE> j i n a l-i-j-e JOACHIM KAPUFI.,1,610
<PHONE> Jі​na litakuja MARIAM NDUGAI Nitumie kwenye hiyo tigo,1,200
money send kwa this number <PHONE> name RAMATUNGU,1,871
"Мрі​gіe Mzee HOSEA MKUMBUKWA kwa tiba asili miliki mali,utajiri pete,kazi,kesi,masomo mapenzi,kilimo,ufugaji,biashara Piga <PHONE>",1,297
Utаnі​tumiа kwa hîi vodacom <PHONE> j'ina ni MWANAIDI KHAMISI.,1,396
Basi i-y-o hela nitumie k w e n y e namba hii <PHONE> jinalitakuja (ALLY ISSA) ile namba usitumie laini inamatatizo.,1,228
ela tuma kwa n a m b a hii <PHONE> jina RAMATUNGU,1,871
