model,variant,split,seed,set,id,label,prob
nb_word_counts,repeat,random,9,test,bongo_0016,1,1.000000
nb_word_counts,repeat,random,9,test,bongo_0018,1,1.000000
nb_word_counts,repeat,random,9,test,bongo_0021,1,1.000000
nb_word_counts,repeat,random,9,test,bongo_0036,1,1.000000
nb_word_counts,repeat,random,9,test,bongo_0039,1,1.000000
nb_word_counts,repeat,random,9,test,bongo_0048,1,1.000000
nb_word_counts,repeat,random,9,test,bongo_0049,0,0.000000
nb_word_counts,repeat,random,9,test,bongo_0055,1,1.000000
nb_word_counts,repeat,random,9,test,bongo_0060,1,1.000000
nb_word_counts,repeat,random,9,test,bongo_0071,1,1.000000
nb_word_counts,repeat,random,9,test,bongo_0074,1,1.000000
nb_word_counts,repeat,random,9,test,bongo_0077,0,0.000657
nb_word_counts,repeat,random,9,test,bongo_0080,0,0.000551
nb_word_counts,repeat,random,9,test,bongo_0091,1,1.000000
nb_word_counts,repeat,random,9,test,bongo_0101,1,1.000000
nb_word_counts,repeat,random,9,test,bongo_0120,1,1.000000
nb_word_counts,repeat,random,9,test,bongo_0122,0,0.000000
nb_word_counts,repeat,random,9,test,bongo_0134,1,1.000000
nb_word_counts,repeat,random,9,test,bongo_0143,0,0.000000
nb_word_counts,repeat,random,9,test,bongo_0148,0,0.000047
nb_word_counts,repeat,random,9,test,bongo_0150,1,1.000000
nb_word_counts,repeat,random,9,test,bongo_0153,1,1.000000
nb_word_counts,repeat,random,9,test,bongo_0155,1,1.000000
nb_word_counts,repeat,random,9,test,bongo_0163,1,1.000000
nb_word_counts,repeat,random,9,test,bongo_0166,0,0.000000
nb_word_counts,repeat,random,9,test,bongo_0168,1,1.000000
nb_word_counts,repeat,random,9,test,bongo_0174,0,0.000138
nb_word_counts,repeat,random,9,test,bongo_0175,0,0.000000
nb_word_counts,repeat,random,9,test,bongo_0188,0,0.000000
nb_word_counts,repeat,random,9,test,bongo_0191,0,0.000000
nb_word_counts,repeat,random,9,test,bongo_0194,1,1.000000
nb_word_counts,repeat,random,9,test,bongo_0248,1,1.000000
nb_word_counts,repeat,random,9,test,bongo_0254,1,1.000000
nb_word_counts,repeat,random,9,test,bongo_0256,1,1.000000
nb_word_counts,repeat,random,9,test,bongo_0263,1,1.000000
nb_word_counts,repeat,random,9,test,bongo_0267,1,1.000000
nb_word_counts,repeat,random,9,test,bongo_0269,1,1.000000
nb_word_counts,repeat,random,9,test,bongo_0285,1,1.000000
nb_word_counts,repeat,random,9,test,bongo_0287,1,1.000000
nb_word_counts,repeat,random,9,test,bongo_0296,1,1.000000
nb_word_counts,repeat,random,9,test,bongo_0321,1,1.000000
nb_word_counts,repeat,random,9,test,bongo_0349,1,1.000000
nb_word_counts,repeat,random,9,test,bongo_0359,0,0.000019
nb_word_counts,repeat,random,9,test,bongo_0364,0,0.000005
nb_word_counts,repeat,random,9,test,bongo_0365,0,0.000002
nb_word_counts,repeat,random,9,test,bongo_0378,0,0.000000
nb_word_counts,repeat,random,9,test,bongo_0381,0,0.000000
nb_word_counts,repeat,random,9,test,bongo_0384,0,0.000349
nb_word_counts,repeat,random,9,test,bongo_0385,0,0.000277
nb_word_counts,repeat,random,9,test,bongo_0394,1,1.000000
nb_word_counts,repeat,random,9,test,bongo_0402,0,0.000001
nb_word_counts,repeat,random,9,test,bongo_0410,0,0.000012
nb_word_counts,repeat,random,9,test,bongo_0414,0,0.000000
nb_word_counts,repeat,random,9,test,bongo_0442,1,1.000000
nb_word_counts,repeat,random,9,test,bongo_0448,1,1.000000
nb_word_counts,repeat,random,9,test,bongo_0455,1,1.000000
nb_word_counts,repeat,random,9,test,bongo_0484,1,1.000000
nb_word_counts,repeat,random,9,test,bongo_0485,1,1.000000
nb_word_counts,repeat,random,9,test,bongo_0486,1,1.000000
nb_word_counts,repeat,random,9,test,bongo_0522,1,1.000000
nb_word_counts,repeat,random,9,test,bongo_0525,1,1.000000
nb_word_counts,repeat,random,9,test,bongo_0527,0,0.000000
nb_word_counts,repeat,random,9,test,bongo_0534,0,0.000000
nb_word_counts,repeat,random,9,test,bongo_0541,0,0.000000
nb_word_counts,repeat,random,9,test,bongo_0542,0,0.000007
nb_word_counts,repeat,random,9,test,bongo_0565,1,1.000000
nb_word_counts,repeat,random,9,test,bongo_0577,1,1.000000
nb_word_counts,repeat,random,9,test,bongo_0585,0,0.000000
nb_word_counts,repeat,random,9,test,bongo_0588,1,1.000000
nb_word_counts,repeat,random,9,test,bongo_0591,0,0.000017
nb_word_counts,repeat,random,9,test,bongo_0601,0,0.000077
nb_word_counts,repeat,random,9,test,bongo_0606,1,1.000000
nb_word_counts,repeat,random,9,test,bongo_0615,0,0.000000
nb_word_counts,repeat,random,9,test,bongo_0631,0,0.001197
nb_word_counts,repeat,random,9,test,bongo_0637,1,1.000000
nb_word_counts,repeat,random,9,test,bongo_0654,0,0.000113
nb_word_counts,repeat,random,9,test,bongo_0659,1,1.000000
nb_word_counts,repeat,random,9,test,bongo_0664,0,0.000617
nb_word_counts,repeat,random,9,test,bongo_0665,0,0.000000
nb_word_counts,repeat,random,9,test,bongo_0669,0,0.000000
nb_word_counts,repeat,random,9,test,bongo_0679,1,1.000000
nb_word_counts,repeat,random,9,test,bongo_0682,0,0.000487
nb_word_counts,repeat,random,9,test,bongo_0687,0,0.042622
nb_word_counts,repeat,random,9,test,bongo_0690,1,1.000000
nb_word_counts,repeat,random,9,test,bongo_0693,0,0.000000
nb_word_counts,repeat,random,9,test,bongo_0694,0,0.000016
nb_word_counts,repeat,random,9,test,bongo_0710,1,1.000000
nb_word_counts,repeat,random,9,test,bongo_0719,1,1.000000
nb_word_counts,repeat,random,9,test,bongo_0725,0,0.005898
nb_word_counts,repeat,random,9,test,bongo_0726,0,0.000274
nb_word_counts,repeat,random,9,test,bongo_0769,1,1.000000
nb_word_counts,repeat,random,9,test,bongo_0772,1,1.000000
nb_word_counts,repeat,random,9,test,bongo_0773,0,0.000142
nb_word_counts,repeat,random,9,test,bongo_0774,0,0.000000
nb_word_counts,repeat,random,9,test,bongo_0777,0,0.000001
nb_word_counts,repeat,random,9,test,bongo_0817,0,0.000026
nb_word_counts,repeat,random,9,test,bongo_0828,1,1.000000
nb_word_counts,repeat,random,9,test,bongo_0844,1,1.000000
nb_word_counts,repeat,random,9,test,bongo_0846,1,1.000000
nb_word_counts,repeat,random,9,test,bongo_0854,1,1.000000
nb_word_counts,repeat,random,9,test,bongo_0862,0,0.000000
nb_word_counts,repeat,random,9,test,bongo_0889,1,1.000000
nb_word_counts,repeat,random,9,test,bongo_0890,0,0.005506
nb_word_counts,repeat,random,9,test,bongo_0891,1,1.000000
nb_word_counts,repeat,random,9,test,bongo_0905,1,1.000000
nb_word_counts,repeat,random,9,test,bongo_0912,1,1.000000
nb_word_counts,repeat,random,9,test,bongo_0924,1,1.000000
nb_word_counts,repeat,random,9,test,bongo_0925,1,1.000000
nb_word_counts,repeat,random,9,test,bongo_0928,0,0.000000
nb_word_counts,repeat,random,9,test,bongo_0931,1,1.000000
nb_word_counts,repeat,random,9,test,bongo_0943,1,1.000000
nb_word_counts,repeat,random,9,test,bongo_0953,1,1.000000
nb_word_counts,repeat,random,9,test,bongo_0967,1,1.000000
nb_word_counts,repeat,random,9,test,bongo_0973,0,0.000000
nb_word_counts,repeat,random,9,test,bongo_0974,1,1.000000
nb_word_counts,repeat,random,9,test,bongo_0977,0,0.000001
nb_word_counts,repeat,random,9,test,bongo_0979,1,1.000000
nb_word_counts,repeat,random,9,test,bongo_0982,1,1.000000
nb_word_counts,repeat,random,9,test,bongo_0997,1,1.000000
nb_word_counts,repeat,random,9,test,bongo_1002,0,0.000002
nb_word_counts,repeat,random,9,test,bongo_1010,0,0.001446
nb_word_counts,repeat,random,9,test,bongo_1022,1,1.000000
nb_word_counts,repeat,random,9,test,bongo_1056,1,1.000000
nb_word_counts,repeat,random,9,test,bongo_1059,0,0.000000
nb_word_counts,repeat,random,9,test,bongo_1060,1,1.000000
nb_word_counts,repeat,random,9,test,bongo_1067,0,0.000000
nb_word_counts,repeat,random,9,test,bongo_1070,1,1.000000
nb_word_counts,repeat,random,9,test,bongo_1075,0,0.000000
nb_word_counts,repeat,random,9,test,bongo_1087,0,0.000000
nb_word_counts,repeat,random,9,test,bongo_1106,0,0.135487
nb_word_counts,repeat,random,9,test,bongo_1120,0,0.000000
nb_word_counts,repeat,random,9,test,bongo_1124,0,0.000000
nb_word_counts,repeat,random,9,test,bongo_1146,1,1.000000
nb_word_counts,repeat,random,9,test,bongo_1152,0,0.000000
nb_word_counts,repeat,random,9,test,bongo_1157,1,1.000000
nb_word_counts,repeat,random,9,test,bongo_1160,0,0.000000
nb_word_counts,repeat,random,9,test,bongo_1166,1,1.000000
nb_word_counts,repeat,random,9,test,bongo_1174,0,0.000003
nb_word_counts,repeat,random,9,test,bongo_1181,1,1.000000
nb_word_counts,repeat,random,9,test,bongo_1184,1,1.000000
nb_word_counts,repeat,random,9,test,bongo_1198,0,0.000275
nb_word_counts,repeat,random,9,test,bongo_1219,0,0.000000
nb_word_counts,repeat,random,9,test,bongo_1222,0,0.000004
nb_word_counts,repeat,random,9,test,bongo_1226,0,0.000000
nb_word_counts,repeat,random,9,test,bongo_1228,0,0.003518
nb_word_counts,repeat,random,9,test,bongo_1243,0,0.001379
nb_word_counts,repeat,random,9,test,bongo_1244,0,0.000000
nb_word_counts,repeat,random,9,test,bongo_1250,0,0.533602
nb_word_counts,repeat,random,9,test,bongo_1254,1,1.000000
nb_word_counts,repeat,random,9,test,bongo_1261,1,1.000000
nb_word_counts,repeat,random,9,test,bongo_1268,1,1.000000
nb_word_counts,repeat,random,9,test,bongo_1275,0,0.000000
nb_word_counts,repeat,random,9,test,bongo_1309,1,1.000000
nb_word_counts,repeat,random,9,test,bongo_1319,0,0.000000
nb_word_counts,repeat,random,9,test,bongo_1334,0,0.000000
nb_word_counts,repeat,random,9,test,bongo_1335,0,0.117344
nb_word_counts,repeat,random,9,test,bongo_1336,0,0.304660
nb_word_counts,repeat,random,9,test,bongo_1350,1,1.000000
nb_word_counts,repeat,random,9,test,bongo_1354,0,0.000000
nb_word_counts,repeat,random,9,test,bongo_1369,1,1.000000
