where,bucket,nb_word_counts,lr_char,bilstm_finetuned,xlmr,afroxlmr
Attacked test (all words),Impersonation missed,0,5,31,31,31
Attacked test (all words),Obfuscation missed,62,79,2,0,0
Attacked test (all words),Other scam missed,0,10,56,0,22
Chichewa,Ambiguous,96,6,3,11,6
Chichewa,Chichewa fraud missed,75,149,94,16,113
Chichewa,Genuine text flagged,63,2,12,90,5
Chichewa,Service-like text flagged,59,26,30,90,37
Chichewa,Telco service text flagged,42,14,16,59,26
Swahili test,Ambiguous,2,0,0,0,0
Swahili test,Genuine text flagged,1,0,0,0,0
Swahili test,Impersonation missed,0,5,31,31,31
