comparison,metric,difference,ci_low,ci_high,p_value,seed_pairs,test
"AfroXLMR vs XLM-R, Chichewa ranking",pr_auc,0.1503,0.0803,0.2435,0.0000,3,paired bootstrap
"AfroXLMR vs XLM-R, Chichewa F1",f1,0.0017,-0.0408,0.0438,0.9483,3,paired bootstrap
"AfroXLMR vs XLM-R, Swahili test F1",f1,0.0160,0.0000,0.0647,0.3870,3,paired bootstrap
"Plain ensemble (char LR OR AfroXLMR) vs AfroXLMR, Swahili test F1",f1,0.1926,0.1179,0.2800,0.0000,3,paired bootstrap
"Plain ensemble vs char LR, full lookalike attack F1",f1,0.2310,0.1422,0.3284,0.0000,3,paired bootstrap
"Plain ensemble vs char LR, full structural attack F1",f1,0.1351,0.0480,0.2547,0.0000,3,paired bootstrap
"Normalisation vs none, word LR under full lookalike",f1,0.5175,0.4011,0.6364,0.0000,1,paired bootstrap
"Normalisation vs none, word LR under held-out lookalikes",f1,0.0000,0.0000,0.0000,1.0000,1,paired bootstrap
"Number-balanced vs clean AfroXLMR, Chichewa F1",f1,-0.0025,-0.0498,0.0340,0.9927,3,paired bootstrap
"Number-balanced vs clean AfroXLMR, Chichewa precision",precision,-0.0643,-0.1216,-0.0242,0.0000,3,paired bootstrap
"Number-balanced vs clean AfroXLMR, Swahili test F1",f1,0.0441,0.0000,0.1263,0.0587,3,paired bootstrap
"Number-balanced vs clean char LR, Chichewa F1",f1,-0.5049,-0.5607,-0.4444,0.0000,1,paired bootstrap
"AfroXLMR +50 Chichewa vs XLM-R +50, F1",f1,0.0885,0.0521,0.1339,0.0000,3,paired bootstrap
"Char LR +50 Chichewa vs AfroXLMR +50, F1",f1,0.0096,-0.0171,0.0355,0.4800,3,paired bootstrap
"Deployed ensemble vs number-balanced AfroXLMR, Swahili test F1",f1,0.1742,0.0935,0.2723,0.0000,3,paired bootstrap
"Deployed ensemble vs char LR, Swahili test F1",f1,0.0257,0.0001,0.0604,0.0473,3,paired bootstrap
"Deployed ensemble vs number-balanced char LR, Swahili test F1",f1,0.0062,0.0000,0.0204,0.3730,3,paired bootstrap
"Deployed ensemble vs number-balanced char LR, full lookalike attack F1",f1,0.4676,0.3403,0.5994,0.0000,3,paired bootstrap
"Deployed ensemble vs char LR, full lookalike attack F1",f1,0.2287,0.1260,0.3333,0.0000,3,paired bootstrap
"Deployed ensemble vs char LR, lookalike with NB attacker F1",f1,0.2179,0.1436,0.3036,0.0000,3,paired bootstrap
"Deployed ensemble vs char LR, structural with NB attacker F1",f1,0.2222,0.1489,0.3079,0.0000,3,paired bootstrap
"Deployed ensemble vs char LR, fresh split 1 test F1",f1,0.0192,-0.0064,0.0494,0.1050,1,paired bootstrap
"Deployed ensemble vs char LR, fresh split 2 test F1",f1,0.0261,-0.0001,0.0597,0.0510,1,paired bootstrap
"Deployed ensemble vs AfroXLMR, fresh split 1 test F1",f1,0.2028,0.1321,0.2885,0.0000,1,paired bootstrap
"Deployed ensemble vs AfroXLMR, fresh split 2 test F1",f1,0.2243,0.1491,0.3080,0.0000,1,paired bootstrap
"Random vs template split, nb_word_counts",f1,0.0097,,,0.0109,10,Mann-Whitney U (10 vs 10 splits)
"Random vs template split, nb_char",f1,0.0569,,,0.0002,10,Mann-Whitney U (10 vs 10 splits)
"Random vs template split, lr_word",f1,0.0065,,,0.0180,10,Mann-Whitney U (10 vs 10 splits)
"Random vs template split, lr_char",f1,0.0264,,,0.0001,10,Mann-Whitney U (10 vs 10 splits)
